genes,logFC,logCPM,LR,PValue,FDR
AT1G01453,2.166496098918,0.895648125096841,36.990852701604,1.18684734277385e-09,1.79714120139021e-07
AT1G01520,-0.562807464436627,3.22007521369904,22.9466653857365,1.6655888563517e-06,0.000140114357800792
AT1G01580,-0.870533183656991,6.24809533896106,14.4098485388059,0.000147031340614352,0.00594831562916725
AT1G01750,0.716303067244868,3.12066780822061,25.7299298859419,3.92689536411039e-07,3.76679886080435e-05
AT1G02360,0.944740594667231,4.77368787298035,83.6486704989854,5.90999847701862e-20,2.23725103061282e-17
AT1G02810,0.839412037920822,3.16505416218655,33.4234479333388,7.41248732360656e-09,1.05461287767205e-06
AT1G02920,1.12088480186781,5.81850867645516,34.1211272145568,5.17859448964996e-09,7.46809691061833e-07
AT1G02930,1.91622467554649,5.63085101029822,106.458094286535,5.85169139752745e-25,3.64852958635837e-22
AT1G03230,0.492773734490172,5.20983415351252,25.7933937675194,3.79986846727873e-07,3.67967509641739e-05
AT1G05250,1.37643438105741,1.42652380115336,25.9718288234093,3.46435931522504e-07,3.41585828481189e-05
AT1G05300,0.919266580507329,2.7113754613087,22.2420570672775,2.40350989632503e-06,0.000194473306458757
AT1G05700,1.49411615477332,3.41553573323547,95.663735954186,1.36151743768416e-22,7.40072004140169e-20
AT1G06640,-0.297130354171017,6.8758217309203,16.1293620339426,5.91596971868846e-05,0.00279315461172554
AT1G07160,1.42406574710707,0.82046931623222,18.2569150904077,1.93023932175518e-05,0.00115590800513808
AT1G07180,-0.301663691824816,7.2138274522106,14.1175956092975,0.000171729852979497,0.00677695453725496
AT1G09932,1.07105146121224,1.75939220322481,13.5835726767102,0.000228173547558776,0.00845638292779458
AT1G10340,0.939593717889874,2.91187791619307,19.5105524227754,1.00045478307096e-05,0.000662770029572539
AT1G11540,0.810506847322536,2.33063209981737,17.8358072914743,2.40808664608662e-05,0.00139860352905179
AT1G11920,2.7289559986126,-0.162995111868122,21.3935485155644,3.7402763743662e-06,0.000283178995929246
AT1G12010,-0.462829907493457,4.91030911592742,19.6538689822392,9.281518882281e-06,0.000626620760463296
AT1G12040,1.07829121407954,4.86798757398362,41.5411629735354,1.15415012221432e-10,1.92652192447413e-08
AT1G12080,-0.688997860235206,4.64474598743501,32.184893688368,1.40176410005903e-08,1.91716110691299e-06
AT1G12560,0.915944593189621,3.86842772269901,43.6244402412998,3.97839381064852e-11,6.85674556032015e-09
AT1G12940,4.60064300998147,1.01577210219294,91.550935070122,1.08756449168924e-21,5.23983628620913e-19
AT1G12950,1.03119908345881,2.84945194811822,35.0883362750435,3.15082402009648e-09,4.57495331520721e-07
AT1G13245,0.405110021414295,6.17517354302726,16.578808550229,4.66695996182991e-05,0.00232787962896076
AT1G13480,2.18648145391572,2.77586967655342,178.730744961673,9.17393146669655e-41,1.76798339238636e-37
AT1G13530,0.687281789789796,2.48448006809136,13.6144878164187,0.000224446710190128,0.00834744878828161
AT1G13540,0.938558210568504,1.79529280525718,17.5305245494767,2.82731907188047e-05,0.00158775913697679
AT1G13590,1.16846574082621,3.01208782225858,16.3705281741684,5.20889036974902e-05,0.00250961970337067
AT1G13750,0.680631080720447,2.7779144236001,18.4010462012921,1.78959696534693e-05,0.00108975854473399
AT1G13930,-0.363537751703372,6.45258035249264,16.2931566414275,5.42595539828528e-05,0.00259064929027589
AT1G14080,0.562061168721797,3.27546895047585,19.5560687221164,9.76899138576688e-06,0.000649193882090508
AT1G14240,-0.553014721284351,3.95055671049094,18.9191083989348,1.36379771319989e-05,0.000870817702473631
AT1G14250,-0.698319721729309,3.04953556080386,13.2694345356695,0.000269768563979778,0.00972589079559068
AT1G14540,1.31098334771827,3.23404247399897,79.4296701935375,4.99700237853539e-19,1.79544836309444e-16
AT1G14550,3.24758559200975,2.11797135244428,177.129000689442,2.05259495683485e-40,3.34715080691861e-37
AT1G14960,1.06923432392754,2.31914776593073,17.4003903245316,3.0276379383087e-05,0.00167142960036995
AT1G15125,1.28817627854963,3.71295415642245,37.0301714568138,1.16315412306581e-09,1.77393555790446e-07
AT1G15210,-0.395185971136821,6.6429479881949,16.5529792044085,4.73096015745546e-05,0.00234371062340215
AT1G16110,0.661289429257398,3.29678526486228,17.5514845720922,2.7963237556556e-05,0.00158775913697679
AT1G16150,0.739923067332304,3.22955599825583,16.4349142648149,5.03492621811162e-05,0.00244805965361808
AT1G16160,1.19815875308099,1.72701738514917,22.5508790046147,2.04650871106777e-06,0.000167505552764192
AT1G17050,-0.267700016101774,6.06166839186299,15.4254912867566,8.58227463713105e-05,0.00386275244230448
AT1G17860,0.402846190199671,6.56377078291487,19.0992954795274,1.2409068601257e-05,0.000799573997805617
AT1G17890,0.322820226822577,4.910596875824,15.2909308154478,9.21579081685144e-05,0.00410431826736205
AT1G18570,0.702688250638593,3.77842786182248,47.8051571895722,4.70752098310027e-12,8.83139268325156e-10
AT1G18860,0.700664335417827,3.07885289101414,17.4477857097587,2.95308068758433e-05,0.00164310649596063
AT1G19450,-0.392290257534437,6.32876678049522,20.4540984892871,6.10786199604149e-06,0.000435961503212403
AT1G19610,2.81134348250913,2.4046166159903,48.7259833200719,2.94340935370484e-12,5.62138152154854e-10
AT1G20450,-0.752404042409556,6.00752884293276,18.2337438868939,1.95386381821035e-05,0.00116341204066732
AT1G20900,0.565531933901814,4.41611117874234,14.5690542905411,0.000135115338441109,0.00563840562915961
AT1G21110,0.695341592926368,3.23363025389968,24.6489508252474,6.87821896265724e-07,6.31218025062212e-05
AT1G21120,0.726535721641511,3.67191754566661,18.5478934688782,1.65688234836539e-05,0.00102702482172508
AT1G21320,2.77802962522615,0.320102321703465,28.3108315450966,1.03316258739027e-07,1.19032683098295e-05
AT1G21400,0.433296368962778,6.40993549241419,17.3874078403475,3.04838865292337e-05,0.0016755684994988
AT1G21750,0.282878008687059,6.62786834394643,14.5581602475103,0.00013589880083309,0.00565995811171057
AT1G22360,0.527982588569448,5.46565057251053,21.7851109301283,3.04957523947055e-06,0.000236805661177788
AT1G22440,0.37911943410955,5.08924928495389,16.4833862886322,4.9078247752392e-05,0.00239725754401603
AT1G22810,2.59481742284812,-0.183216115189624,17.3468212416463,3.11418719448233e-05,0.00168401764302598
AT1G23560,1.06705949281803,1.84955184853023,27.4018833241587,1.65270205133946e-07,1.78428047051966e-05
AT1G23760,-0.717512539950841,2.78998121444955,17.3798174862824,3.06058693994394e-05,0.0016755684994988
AT1G24400,-0.701545546897131,2.15798347614898,13.7750225551497,0.000206057667470929,0.00782213450766111
AT1G25220,0.571349965024101,3.91401759703284,22.5778430225245,2.0179855263067e-06,0.000166456323627143
AT1G25275,0.835887232343759,5.93377072565109,121.106319928852,3.62191739463396e-28,3.19920945203522e-25
AT1G25560,0.364063584824458,5.78819758442961,15.6866733215069,7.47489903987916e-05,0.00342247051288117
AT1G26420,1.14452650828211,2.60191596373465,26.0541392247261,3.31976369800743e-07,3.28858273990932e-05
AT1G27020,1.03608574305563,4.13471141812567,26.7647782141086,2.29787651755186e-07,2.34195597574912e-05
AT1G27140,-1.2600446616063,1.97726299919815,27.2635071177718,1.77530592941169e-07,1.88173551987992e-05
AT1G29290,1.27984857444069,0.928875167372856,18.2460294625246,1.94130195080603e-05,0.00115925802972217
AT1G29730,0.70455004296754,2.57318392907491,25.7720574097604,3.84210812984733e-07,3.70222046566516e-05
AT1G29740,1.60816146263194,1.3287748267355,26.912291043616,2.12900636551071e-07,2.1803287894909e-05
AT1G30720,0.769209441459813,6.0910040728777,29.4167317653334,5.83715009176168e-08,6.99105902798056e-06
AT1G30730,0.614331786919384,6.65215787322793,29.3716037128065,5.97467251656983e-08,7.11556644262718e-06
AT1G30840,-0.705633620350817,3.94132387924819,20.9835581199355,4.63241877659362e-06,0.000344570686473713
AT1G30870,1.12142108657854,4.58953415774315,54.1166724750021,1.88931347066908e-13,4.17203711090769e-11
AT1G30990,1.03396891714885,1.13165073876341,14.257945743346,0.000159386488367987,0.00637515880549615
AT1G32100,-0.542287196971554,3.9080432025918,19.8113876163656,8.54719403110867e-06,0.000582610824004736
AT1G33540,1.11911849311263,1.3684918545539,18.1715077437348,2.0187654100194e-05,0.00119208378626744
AT1G33610,0.663913075242348,3.64534205413775,17.2783119051956,3.22850843589366e-05,0.00171962689277663
AT1G33612,1.17669620481691,1.98361479713121,27.6858708336557,1.42701192015595e-07,1.55934153069e-05
AT1G33700,0.371042409765854,5.41935875976106,13.3694127131189,0.000255761431152021,0.00928405236128715
AT1G33790,0.955755711270837,4.25118994815019,53.649475295796,2.39647687069054e-13,5.18397073283354e-11
AT1G33840,1.93953266726195,0.28715512907211,17.2879453867452,3.21218171657546e-05,0.00171528063238134
AT1G34510,3.30517166483646,0.240925195179944,51.8972793568346,5.84813916739377e-13,1.19206444432289e-10
AT1G36060,1.2831502226521,5.33031900936666,73.4925613007463,1.01016142889842e-17,3.24460789866934e-15
AT1G36622,1.06225051653495,1.31827503706133,14.8693177269403,0.000115221947030826,0.00495454372232553
AT1G43160,0.935680629471837,3.34781882741714,13.6800336032535,0.000216746728538728,0.00810372821568341
AT1G44050,-1.59351858776935,1.31252810331524,31.0965180491273,2.4551140369464e-08,3.17353429690406e-06
AT1G48510,0.868478092134032,1.54066895864045,14.4760721492216,0.000141951282353636,0.00582055171105363
AT1G48930,1.05248456662782,3.93086827914766,41.7418205214311,1.04157081298214e-10,1.76642077315268e-08
AT1G49030,2.46027601774018,2.51526020194339,113.023806876336,2.13199541898119e-26,1.55848865127525e-23
AT1G49450,-0.912198893353762,2.14586131007886,17.3474125400446,3.11321841586095e-05,0.00168401764302598
AT1G49570,1.51593105732719,4.49324156042532,54.8321084024596,1.31278428087974e-13,2.92944357582838e-11
AT1G50050,1.82624338104045,2.71588171962426,56.9264267910421,4.52425101791789e-14,1.07763592504316e-11
AT1G50060,1.84421727151083,3.19410579676625,89.5309982293605,3.01871323167381e-21,1.36156812336709e-18
AT1G50110,0.65983137624613,2.70497998031941,20.0706777203494,7.46322005372652e-06,0.000518730498094913
AT1G51270,0.401492984531775,5.33006544542165,15.1801322381789,9.77262431316333e-05,0.0043250493280741
AT1G51470,-0.936534344536671,4.54781090582892,23.8902997086842,1.01984356688758e-06,8.93208809809177e-05
AT1G51620,2.07499480454753,1.39254568177596,42.1556753180795,8.42889747181867e-11,1.44100159278294e-08
AT1G51790,0.790015289392335,4.41568322974527,32.0235115552756,1.52317873775589e-08,2.0698632090825e-06
AT1G51800,1.05222339570349,5.0791894123327,50.5109717727191,1.18500452645753e-12,2.3698972600352e-10
AT1G51820,0.997711783289662,2.27492409025036,13.9965056619894,0.000183150693447468,0.0070980101469705
AT1G51850,1.38304075552256,4.57387619362009,116.585464047169,3.53799798058344e-27,2.77785256260698e-24
AT1G51870,2.82586132042908,-0.129293469797793,30.6865046595263,3.03266979015914e-08,3.8728654747942e-06
AT1G52100,0.783743836141564,3.64230498899476,18.7762917017613,1.46982963773479e-05,0.000925977904879637
AT1G52820,-0.686160413872901,3.40205260500536,13.8064901122522,0.000202635040537035,0.00771213684801544
AT1G53610,-1.49485489038888,0.488431803910371,16.3816120323209,5.17851802156462e-05,0.0025028892638037
AT1G53980,2.64404083266351,-0.375471425215865,18.0254839769887,2.17967500103667e-05,0.00128352584297156
AT1G54890,2.13350915722303,4.41448344721584,138.22269588488,6.51457729225905e-32,6.90512620092999e-29
AT1G54970,2.96857502115592,3.31601845043129,109.578313572758,1.21219521828048e-25,8.28946013946061e-23
AT1G55330,-0.331525424870471,5.76978900716921,17.1331397426005,3.48489095275046e-05,0.00183315640961183
AT1G55450,0.459012661640709,5.42088677698862,17.5645336633638,2.77719968548446e-05,0.00158689639171388
AT1G55990,-0.667705011448738,4.31329765840489,22.7122463774489,1.88164843653846e-06,0.000156427706690897
AT1G56240,3.81402082506246,0.224024676963529,24.0455059659173,9.4085596398788e-07,8.34527430149752e-05
AT1G58190,0.616980965607993,4.11536342250031,16.5532472097952,4.73029158129857e-05,0.00234371062340215
AT1G59940,1.57251741398782,2.47800280300936,85.3520388980887,2.49704378942229e-20,9.98770401735152e-18
AT1G61080,1.35735920931242,1.16419999038192,20.0443200453919,7.56679428349254e-06,0.000524210692861956
AT1G61360,0.459434025440355,3.92606988969301,17.3661539447401,3.0826690795427e-05,0.00167562825172373
AT1G61860,1.02999669030134,1.16952026590111,14.9617283879533,0.000109713964519557,0.00476253208900321
AT1G61890,-0.484705521632533,5.49170822810013,27.3955630023004,1.65811242366325e-07,1.78428047051966e-05
AT1G61950,2.63278235077834,-0.0909375834071922,14.4660325746796,0.000142709906651298,0.00584036160444182
AT1G62180,-0.420268324410497,6.16038795567684,16.1535048887351,5.84103848364235e-05,0.00276393247354318
AT1G62440,0.586029657368019,3.35523031108769,22.5628801108541,2.03376404711616e-06,0.000167107612538044
AT1G62980,1.33062193536485,2.94419873670148,53.4565093531904,2.64381395472407e-13,5.66123353799956e-11
AT1G64170,0.929925295491721,2.96451134216357,18.8779768074381,1.39352214531753e-05,0.000887125404161749
AT1G64390,-0.557606598528782,5.72794734869831,24.6368769419133,6.92144754254675e-07,6.3244726920021e-05
AT1G64400,0.503567224759947,5.4182963861048,24.955613634828,5.86654652064326e-07,5.40717042135289e-05
AT1G64780,-0.472671926655488,6.20610914320954,21.5768324334433,3.39933313608938e-06,0.000259217493352369
AT1G65310,-0.99206208632027,3.28494055374697,27.3587440384238,1.68998526172964e-07,1.80030138509581e-05
AT1G65490,-0.40145020404885,4.967733915557,13.9070059661814,0.000192081154896432,0.00737132969506144
AT1G65500,3.04494367845777,0.703743774239119,32.3863366048864,1.26371908081972e-08,1.73958316846086e-06
AT1G65570,1.1821827777882,2.01574607275889,19.6093108421652,9.5005086209842e-06,0.000635335275256291
AT1G65610,0.368777373652215,4.24300142043741,17.2465917355626,3.2828592016601e-05,0.00173983330539981
AT1G65730,1.18206913359492,3.08753359089707,29.7976373542771,4.79576071022889e-08,5.87660874544175e-06
AT1G65845,0.734550354297936,4.58965262884684,25.6941880543527,4.00029975387982e-07,3.81135014087603e-05
AT1G66270,-0.334584536988171,7.47668388655759,13.7015168091718,0.000214281350624953,0.00805416729059998
AT1G66350,-0.729977945990342,2.49716867448414,14.9414257580031,0.00011090090049349,0.00479793508073775
AT1G67270,4.60000730490083,2.83358494558921,274.152540516835,1.41223252317187e-61,5.98758345174408e-58
AT1G67360,-0.506055090805346,4.55467363292309,21.937782370993,2.8163415156169e-06,0.000221946556838523
AT1G67865,-0.493953546498372,5.07615522475741,13.4246107289767,0.000248344546868022,0.00907699318802619
AT1G68150,0.596114252731851,3.59143102122314,20.4645643853562,6.07455358320999e-06,0.000435048856116448
AT1G68570,-0.432712382042885,5.07725916699089,22.9315107405096,1.67877170354419e-06,0.000140665143649934
AT1G68840,0.300832992072969,7.38449012426596,14.5408223217569,0.000137155128652635,0.00567881166466253
AT1G69240,1.2875374474605,1.76488092220223,21.085924512215,4.39141987246691e-06,0.000328953038432601
AT1G69920,2.13124207264468,0.965793636512716,30.269165780365,3.76056839774415e-08,4.74525532522489e-06
AT1G70210,-0.36565252550098,4.37861493161205,15.6060713449175,7.80037270256644e-05,0.00354090151866608
AT1G70370,-0.374010147801616,6.80423908371229,15.0919587308551,0.000102398554024408,0.00449292090480529
AT1G70460,1.04833575991199,3.45335209528408,31.3178543907336,2.19055805432183e-08,2.84893498120053e-06
AT1G71870,-0.494619054838553,3.70624397236113,14.5914197069319,0.000133521115219618,0.00561821463964037
AT1G71880,-0.34547975955494,7.1450434206643,16.8071671872187,4.13767336761341e-05,0.00209843391674729
AT1G72180,-0.394305569564755,6.02509976071467,19.9477716983322,7.95866549421792e-06,0.000544244354232019
AT1G72280,0.670131865004569,2.20723491829207,15.088633880631,0.000102579070613037,0.00449292090480529
AT1G72490,-1.31216753548255,1.71321383651235,13.9319345908469,0.000189550541965552,0.00730596716205043
AT1G74460,-0.686139929769746,5.11138198980857,26.0611628070328,3.30770905571395e-07,3.28858273990932e-05
AT1G74790,0.409293540865297,6.0904653722679,28.3296504720136,1.02316728419985e-07,1.19032683098295e-05
AT1G75160,2.03192383394782,-0.16283498195547,16.7077303495722,4.36029645463887e-05,0.0022060602515964
AT1G76680,-0.708191249477294,6.48125646858499,17.7183577085789,2.56142715459961e-05,0.00147553516984666
AT1G76930,1.0648868484524,9.14615342299376,44.021115363963,3.24852471558372e-11,5.64471110210321e-09
AT1G77510,0.56597219596967,4.96755010638309,30.2561224314728,3.7859428626897e-08,4.74900607965437e-06
AT1G77530,-0.952283415757195,1.91397613515416,17.0923728995649,3.56050070549074e-05,0.00185817870646565
AT1G77660,0.574888336549066,3.22013625775584,22.0878378505872,2.60454688619239e-06,0.000208341498891829
AT1G78070,-0.373594600982954,5.1758253525371,16.1868021795469,5.73925826930258e-05,0.002734079461819
AT1G78270,0.31964645430016,4.64862722886969,13.6645726013869,0.000218538675785848,0.00815634047180316
AT1G78440,-1.75441086025824,0.72703517863205,27.8161382765649,1.33408637354981e-07,1.48069617973206e-05
AT1G78460,0.593811770226665,4.68508129984264,20.2873289611954,6.6640459231102e-06,0.000469339234299047
AT1G78580,-0.425703520001883,6.00845577090654,17.1139416246101,3.520294289966e-05,0.00184719600626211
AT1G78990,-0.462818208340485,4.46881858865167,19.1934730882358,1.18116558873454e-05,0.000763400284011693
AT1G79250,1.95369502139061,0.120832198826999,16.5045340842435,4.85338741676657e-05,0.00239087416419531
AT1G79860,1.37809883703002,0.907759087196437,13.8762094166359,0.000195254494589064,0.00745801807350193
AT1G80820,-0.474380728975448,3.74501377847788,14.6809884285291,0.000127324098865946,0.00540527877714806
AT2G01670,0.328678746819933,5.74053618872148,17.0886320912913,3.56752079594094e-05,0.00185817870646565
AT2G02010,2.04007575612147,1.84545020551961,44.5835747968244,2.43727815829521e-11,4.30565497314168e-09
AT2G02130,-0.309650364390778,6.20591187233054,13.4667545215792,0.000242827981959547,0.00893699720409799
AT2G03090,-0.575718896272332,4.16243933623339,31.8552905685078,1.66096643525101e-08,2.24272786375072e-06
AT2G03720,1.25674104104887,1.60285422695913,19.7094465918802,9.01546052346526e-06,0.000610603027594058
AT2G04070,-2.13607859765514,0.273097127044652,15.3425086896258,8.9675798612939e-05,0.00401910624692536
AT2G04100,0.50304145002344,3.04350944671689,15.2383353036031,9.47602055777182e-05,0.00420255564443943
AT2G04500,1.11966872630942,0.794728102248545,15.4595791117015,8.42886517453857e-05,0.00380177686883071
AT2G13810,-2.807099831396,0.687192412712387,29.5950717992096,5.32401298411382e-08,6.44935721429879e-06
AT2G14960,-1.70358831953042,1.1221160674806,26.5646460852424,2.54865212442665e-07,2.5797681047317e-05
AT2G15020,-0.48986949618519,6.40417558410329,23.1192055931696,1.52262229660443e-06,0.000129630803476777
AT2G15390,0.54597823264357,3.97280500911042,15.9384528413822,6.54357387840059e-05,0.00306219034543519
AT2G15970,-0.353104192862947,6.93496452899628,18.3138309225197,1.87342087799277e-05,0.00113147148696777
AT2G17710,0.491430256850402,4.95793884035828,15.3123835373881,9.11172383038211e-05,0.00407509353333904
AT2G17740,2.27170217555861,2.41404983904984,46.2455611542214,1.0432262612183e-11,1.87418250098023e-09
AT2G18450,0.6705356278068,2.96915214218225,17.411580837061,3.00986539315694e-05,0.00166595656578418
AT2G18690,0.614287817066209,4.61633686103589,20.9319079766254,4.75901152804084e-06,0.000351520158128703
AT2G18800,-1.93439099269253,1.10844042948025,40.6689165090878,1.8033302932141e-10,2.94067683737274e-08
AT2G19050,1.550617345837,0.837159436181433,26.2154073210688,3.05376322077452e-07,3.05361917533958e-05
AT2G19190,4.45193221175194,3.34706940912124,309.205349179612,3.25337952448809e-69,1.72420981349057e-65
AT2G19900,-0.743469619754918,2.26273773737132,13.4674670297641,0.000242735784965577,0.00893699720409799
AT2G20520,3.39948246755402,1.53137621620093,71.5436342127919,2.71194098282604e-17,8.21291955641846e-15
AT2G21045,0.512291508792916,4.89355638455377,26.9640499664764,2.07274957979544e-07,2.13302030786813e-05
AT2G22510,-0.528812733258382,5.31687147260788,31.5263244228671,1.96754727851431e-08,2.60687717232656e-06
AT2G22880,2.05459553997283,1.40414560164798,48.0589416282136,4.13597176131134e-12,7.82843440786063e-10
AT2G24170,0.623413703772724,4.1626398318121,25.4833447157292,4.46218382379167e-07,4.20417043913598e-05
AT2G24980,2.05376244259711,4.71455060590707,84.6350981876246,3.58838298457356e-20,1.40870612759213e-17
AT2G25090,0.555815813077805,4.24184493590804,14.7024969289867,0.000125879608792856,0.00535847756385491
AT2G25240,1.17539996206054,1.73865908752933,37.0595152064629,1.14578090037274e-09,1.76010212369578e-07
AT2G25470,3.2978429953392,0.900240077177159,73.1925408104559,1.17599361573919e-17,3.72087890448584e-15
AT2G25810,0.61702434548478,4.70500885302169,46.4141792790299,9.57203250973342e-12,1.73433775362255e-09
AT2G26010,1.75982344495244,0.882213730002127,14.5456331215985,0.000136805364498926,0.00567881166466253
AT2G26440,0.875661695622717,2.52343278380437,16.9985950949333,3.74074872451611e-05,0.00192944360610747
AT2G27660,0.544647627405641,4.3613222781142,18.5343798628282,1.66867081704119e-05,0.00102929038727665
AT2G28630,1.11812098846629,5.01654641658361,27.7082948221017,1.41056580823788e-07,1.55493083079588e-05
AT2G29000,2.51045108377258,-0.161106782983992,14.7591614329708,0.000122152557707686,0.00523133751685905
AT2G29220,-2.08602685982678,0.656176615021865,17.2879007149051,3.21225723409309e-05,0.00171528063238134
AT2G29330,0.796752465596515,2.33801585628476,16.0031068169446,6.32386228971328e-05,0.00296591939556708
AT2G30670,2.61959496031109,-0.185452608493305,20.7396678068913,5.26146952672524e-06,0.000379380586724655
AT2G30870,0.288105355113504,6.55023549643862,13.449880568032,0.000245021779309778,0.00897101329807942
AT2G31750,-0.282658540418519,6.19782118923771,13.6879353323147,0.000215836633452192,0.00809826688947436
AT2G31865,0.533820848687561,3.29314137841508,14.7465211122957,0.000122974218142342,0.00525590816612804
AT2G32190,1.40354692913788,1.05218945483134,27.3670477927725,1.68274379544589e-07,1.80030138509581e-05
AT2G32270,0.762057005752968,3.44619178246643,29.8858348273092,4.58248510898517e-08,5.68094162721501e-06
AT2G32290,-0.694779040559069,1.97442333410767,13.2270009769121,0.000275944977633431,0.00988134726495117
AT2G33710,0.895083464431717,2.18293673415371,17.3420991663933,3.12193468422667e-05,0.00168401764302598
AT2G33790,-2.57165417583464,2.18241232345879,90.9544238899487,1.4701976469506e-21,6.77537389515342e-19
AT2G34180,0.68082576811977,2.83590307236784,17.3832495945479,3.05506521196649e-05,0.0016755684994988
AT2G35380,-0.442758447281865,4.14250375020781,16.8690115730033,4.00501372279351e-05,0.00204092033436297
AT2G35860,-0.340354742091863,5.72645718792716,18.6352965751161,1.58263112380743e-05,0.000983876750545273
AT2G35930,0.528806876731856,4.92312960128346,28.0929831528177,1.15624316340345e-07,1.31780638822525e-05
AT2G36690,1.41283322779362,3.2433162902276,18.2285156325205,1.95923439085915e-05,0.00116341204066732
AT2G36830,-0.439219802794733,8.69536206229829,23.5544614902324,1.21427540847578e-06,0.000104216293053757
AT2G37130,0.81158246627586,7.6324189197177,52.8751791175805,3.5543288195422e-13,7.38708006328188e-11
AT2G37820,1.56866752317394,0.476149636605476,17.6554296554592,2.64758374953742e-05,0.00152079815366602
AT2G38390,-0.678902622793304,6.78401936354232,27.7013476044208,1.41564059787539e-07,1.55493083079588e-05
AT2G38470,0.435737148080279,5.17701827094115,17.2926474533368,3.20424286702688e-05,0.00171528063238134
AT2G38860,1.20368484931883,5.31628180520277,87.3227182187697,9.21829500885948e-21,3.90837271785624e-18
AT2G38870,0.988067845650666,5.95772772157967,81.1762918098752,2.06453946880718e-19,7.54589175849026e-17
AT2G38940,1.02396623194897,3.81006580326247,68.426458577717,1.31698605149353e-16,3.57933170584761e-14
AT2G39200,0.998102265661217,5.77445018900942,59.4305531857174,1.26686832681878e-14,3.23570381448569e-12
AT2G39210,0.822508844035365,5.49845434982105,28.7042690791564,8.43176527940472e-08,9.87541393138677e-06
AT2G39400,0.604551288623972,4.94213286097144,26.5594235080683,2.55555121465002e-07,2.5797681047317e-05
AT2G39518,1.04118856093476,3.54432266746895,28.7104996456781,8.40468135018057e-08,9.87541393138677e-06
AT2G39530,1.61541023948475,4.31388170465986,188.101624530917,8.25498111866415e-43,1.94441494149512e-39
AT2G39980,0.487751717275042,4.27323947404508,16.4959499362759,4.87541061833638e-05,0.00239087416419531
AT2G40330,0.646169635897822,3.68411247359292,17.0562999096519,3.62877887741271e-05,0.00188084311545897
AT2G40460,-0.523027261642911,4.3130365247819,23.8827184441792,1.0238678276505e-06,8.93208809809177e-05
AT2G41190,-0.769936744130169,2.26968582455994,13.9376520227562,0.000188974891244567,0.00729704684789356
AT2G41810,1.64794447947825,4.19575487043828,90.9880561015931,1.44541972410238e-21,6.77537389515342e-19
AT2G42250,-0.434725012287676,4.03428732765821,13.4520305310164,0.000244741154141688,0.00897101329807942
AT2G42850,1.76764028065701,2.02455789048693,68.0970529740065,1.55643109566122e-16,4.17655478442052e-14
AT2G43140,0.855183874291522,3.72083355335549,32.9164435408722,9.62060739213921e-09,1.35064408017191e-06
AT2G43290,-0.444528295768761,4.53832124841544,24.1417015546523,8.95010084075542e-07,7.97198267744429e-05
AT2G43590,0.390100061979432,5.73320137837636,14.0432438094407,0.000178654512106656,0.00697476427651751
AT2G43610,1.48940392386118,7.48781391207272,158.039334789723,3.03421331607963e-36,4.02014300547326e-33
AT2G43620,5.67503855794698,5.14766198150078,1716.48938936401,0,0
AT2G43890,1.7919628037962,0.429804271155164,23.948326595243,9.89562671553677e-07,8.70445604741344e-05
AT2G44080,0.952762933304198,3.46418241749356,36.6149311580615,1.4392506960757e-09,2.1638776954687e-07
AT2G44110,1.30794149116978,1.52536546772054,19.9536997464489,7.93402807081764e-06,0.000544244354232019
AT2G44370,1.39327051316443,4.02902097351702,119.771145748044,7.09964806597862e-28,6.02021757402723e-25
AT2G44940,-0.691209253665746,3.1567335114806,15.7446860230265,7.24912841307196e-05,0.00332628297031845
AT2G45220,0.687703516506503,6.70602545734109,20.9978750494547,4.59793052719995e-06,0.00034320961002152
AT2G46000,0.558389435138748,2.76286820889455,14.5711778734869,0.000134963148024892,0.00563840562915961
AT2G46140,0.677036206278134,4.03925606500528,25.5636749098828,4.28021769179387e-07,4.05072923430082e-05
AT2G46860,1.02429533551524,1.57596344514971,13.2430981402263,0.000273585349834072,0.00983006073073303
AT2G47140,1.36011686716819,3.63506593176212,70.8783988923437,3.7993513473343e-17,1.11864512794639e-14
AT2G47550,2.5667654136393,4.52442644754758,341.375338999297,3.20145934299212e-76,3.39338683060449e-72
AT2G47650,0.339766245564931,6.27701829412814,22.6937607198665,1.89983750345254e-06,0.000157322872014415
AT3G01190,-0.687416290366592,6.81815949876782,37.3167247307861,1.00419717380314e-09,1.56529234466565e-07
AT3G01550,-0.363176569443134,5.57980676710283,17.1799096715916,3.40013284313334e-05,0.00179302030202945
AT3G01720,0.273751820439206,5.7995194717421,14.164491894085,0.000167501895197651,0.00663714518933645
AT3G01970,1.15030973715693,3.25587891157042,14.5426610283578,0.000137021341249949,0.00567881166466253
AT3G02040,0.636975372546292,3.51314285078905,16.5526163883649,4.73186540316109e-05,0.00234371062340215
AT3G02240,1.22985705880965,2.17584783332497,19.9862178266825,7.80023604608945e-06,0.000537554212709996
AT3G02790,0.769072846208751,3.72816003589681,13.4590072976544,0.000243832736654653,0.00895842319643325
AT3G02910,-0.378891410117164,4.51077219377565,17.43124399457,2.97889034640182e-05,0.00165312817940765
AT3G03660,2.44460420178078,-0.0328596475124597,27.061948305888,1.97038552013638e-07,2.05764545031385e-05
AT3G04320,2.25778998449867,3.24620158563102,150.340511717737,1.46060411147572e-34,1.63599892425783e-31
AT3G05155,-0.984632496274482,1.92882849886478,21.6917873687855,3.20159012240906e-06,0.000246648548989451
AT3G05390,1.3299704268637,1.70287149030609,20.7437066790482,5.25038421128809e-06,0.000379380586724655
AT3G05890,-0.474116388398409,4.77754556180767,16.0610782776343,6.13317496860235e-05,0.00288927058132003
AT3G06460,-1.58501990797243,1.73471929000083,41.06220747576,1.4746026197374e-10,2.42326363843512e-08
AT3G07070,1.00664996399189,2.14758924063455,16.4596765096187,4.96958741721287e-05,0.00242184560132174
AT3G07350,0.407100450388522,4.54872763471299,15.7654235585365,7.17009826662717e-05,0.00330432419900499
AT3G07390,0.317060732602175,5.48933703329825,13.2348525574525,0.000274791489566342,0.00985669168750743
AT3G07720,-0.883416422091508,6.1705974501173,33.7850153412762,6.15511418899069e-09,8.81636930354146e-07
AT3G09405,0.863649388153185,1.8858260142371,16.6065811500566,4.59911553457811e-05,0.00230488534793195
AT3G09925,0.687999939955258,3.23224324186987,28.0295506390101,1.19476981242425e-07,1.34723006667988e-05
AT3G09940,0.558018623409537,4.39459009974523,30.0498766851346,4.2107530853868e-08,5.25080909747735e-06
AT3G10300,0.456545856638341,3.84913299222276,14.5210723797051,0.000138600487994604,0.00572746928849438
AT3G10710,1.35755555383167,3.03042691309187,37.9684684333994,7.18972532718917e-10,1.14597734745175e-07
AT3G10720,1.05472045124096,7.28162017944187,76.4869482640196,2.21673209248821e-18,7.45912756010437e-16
AT3G11340,-0.574429394633943,5.09638313223087,18.1880811956125,2.00127347991148e-05,0.0011850557681744
AT3G11410,-0.407987280707946,5.24158124112511,28.3170030197794,1.02987399380917e-07,1.19032683098295e-05
AT3G11430,-0.527303790052038,4.07202304919127,16.1763585802028,5.77098788609282e-05,0.0027430307667552
AT3G14225,1.47555473272824,0.415465027196684,14.5907101162566,0.000133571403291606,0.00561821463964037
AT3G16660,0.625608436936853,5.80151509757392,52.9193918540749,3.47521536320205e-13,7.29416737470498e-11
AT3G18250,1.03888536776221,2.15277825651023,14.2229468690691,0.000162378306001406,0.0064704092273004
AT3G18950,0.601363468112216,3.25726859381455,16.6702674897169,4.44725914337903e-05,0.00224470110905933
AT3G19200,0.87827538271298,2.68662995381353,21.7511051438485,3.10411003497347e-06,0.000240160688435776
AT3G20015,-0.473290362819123,3.72838405729055,15.9162108254336,6.6209200961833e-05,0.00309156134623325
AT3G20360,2.19902184157475,2.13623817465353,94.1335767474939,2.94933607702524e-22,1.56307438742145e-19
AT3G20460,0.952398792920978,1.99394812610912,20.7298790735858,5.28843378938313e-06,0.000380032230173332
AT3G21080,1.57246022245373,1.88332601771215,17.3292884241729,3.14305091999548e-05,0.00169110498611635
AT3G21351,2.16040259589466,1.87193413344584,61.7059777787391,3.98767860676733e-15,1.04363949117112e-12
AT3G21670,-0.371095985830595,6.59937043477412,15.6787541988545,7.50626212863076e-05,0.00342942351001818
AT3G22160,0.672209136904951,2.58104967183318,13.3719551657759,0.000255414950461664,0.00928405236128715
AT3G22400,-0.469893820616876,3.87866521096373,14.9975345718558,0.000107651727661406,0.00470537932926628
AT3G22600,-0.611016534205213,5.20332886185767,22.4585965975915,2.14722331658055e-06,0.000175073027262274
AT3G22620,-0.705712792283508,5.49659668730749,25.3746357650517,4.72084643304475e-07,4.40868826141478e-05
AT3G23150,0.714607351558676,3.56025376123825,15.2802878080198,9.26786299582938e-05,0.0041188559255469
AT3G24300,-0.849085433819917,5.08830913412416,44.6640472955871,2.33913332831923e-11,4.16699894344869e-09
AT3G25190,-0.382578312121732,6.07101430416301,16.8900148339347,3.96094003740602e-05,0.00202332452657759
AT3G25900,0.520902803362303,3.68933805936361,14.339963824036,0.00015259094675227,0.0061497632703448
AT3G26500,0.781835293178035,3.41175632440865,22.1387919492849,2.53632404129892e-06,0.000204085250267188
AT3G26820,1.13856505908128,1.09393089863421,13.2122013594707,0.000278132500575242,0.00992614626211205
AT3G27950,3.03960072211691,3.27278472245729,211.866424511057,5.37864960046452e-48,1.42527491100309e-44
AT3G28510,-1.13083223973109,1.38499920718025,14.1726291595756,0.000166779021860439,0.0066208773116469
AT3G28550,0.531612841294822,8.36246009999436,17.535459505258,2.81999041155357e-05,0.00158775913697679
AT3G28740,-0.820825641709169,5.21065415121596,23.6820527003494,1.13637355125818e-06,9.83264608698861e-05
AT3G28850,0.718897392555157,2.14798635925021,16.9798051072761,3.7779530957133e-05,0.00194390358436957
AT3G28940,0.365314398141754,6.42054017076629,27.6244943753178,1.47301589585386e-07,1.60135712698493e-05
AT3G43930,2.07624719743702,-0.329742078552119,15.1005893248309,0.000101931462487386,0.00448308106487574
AT3G44190,-0.636115626795655,5.71986215502359,53.7288373642943,2.3016006946035e-13,5.0300652706082e-11
AT3G44550,-0.637084035185623,4.84277994912507,28.0456346148364,1.18488090085579e-07,1.34322407578834e-05
AT3G44990,-0.358335929899286,5.38895503814307,13.2229719797196,0.000276538777605266,0.00988591154545368
AT3G45060,1.19028611935806,3.28693569984145,17.4858434527302,2.89455008274046e-05,0.00161477808431618
AT3G45680,-0.57902480384419,3.1130570887735,14.3336759909922,0.000153101432912045,0.00615862860778453
AT3G46280,2.34047121236958,5.87179051192673,270.406570066721,9.25335708324747e-61,3.26936528012939e-57
AT3G46420,4.06395571322276,-0.674671998436521,19.3517099740951,1.0872184421564e-05,0.00071135628874301
AT3G47220,-0.763999895568341,2.84613808923025,28.8666667896441,7.75358305466756e-08,9.18258140647473e-06
AT3G47380,1.33150145982805,3.51309239556424,55.8710661007606,7.7383090043374e-14,1.80268585255987e-11
AT3G47740,1.18254356537966,1.51781073770704,28.2247585361498,1.08014046537327e-07,1.23772420137556e-05
AT3G47800,0.453228679726077,5.38803142123229,29.8568096351797,4.65160241761634e-08,5.73309997971213e-06
AT3G47960,-0.407968264891561,5.10810002260437,15.903273859186,6.66633047712487e-05,0.00310592395130923
AT3G48700,0.782031638300618,1.98700839120003,13.3416258752275,0.00025957919193298,0.00938823427538735
AT3G49190,-0.919719151948273,2.15672562826228,19.0315822339197,1.28572728172701e-05,0.000825943413494873
AT3G49620,1.85927145118095,0.132251667179745,17.8505976284546,2.38944214960759e-05,0.00139158747608602
AT3G49630,2.25986577973904,0.0846851387758235,17.0169337519228,3.7047931217133e-05,0.00191555876554147
AT3G49960,2.37875921953686,3.74563064661681,165.169601787205,8.3996454870744e-38,1.27188631914636e-34
AT3G50400,-0.753201685032379,3.09786541081136,21.927263513218,2.83182069945183e-06,0.00022233987780622
AT3G50970,-0.6548445952533,5.6152742905721,23.0843582364095,1.55046907531967e-06,0.000131473575710807
AT3G51240,-0.467563074038147,5.37858036673582,33.2843566411789,7.96205581613362e-09,1.12525080830811e-06
AT3G51340,0.847435217147436,2.32579500811627,19.7313554723035,8.91269578685101e-06,0.000605577685850816
AT3G51570,2.82157496358451,-0.205591034243249,18.7953658702877,1.45520276621661e-05,0.00092086099823958
AT3G52450,0.6799908992385,3.94637791081276,27.0767183919219,1.95538783183182e-07,2.05209240826746e-05
AT3G53180,0.606459615135319,6.77595633235504,76.930887635418,1.77046403040635e-18,6.05355919041681e-16
AT3G54150,1.77404460904686,1.92564813099363,32.4548508992319,1.21994057890403e-08,1.69029544654814e-06
AT3G54580,0.725274560367253,8.08512236362418,18.6625704142738,1.5601525558204e-05,0.000972755118554018
AT3G54590,1.16234552395878,6.70571774775629,51.394639567111,7.55445335127288e-13,1.52520815803461e-10
AT3G54640,0.419880581518268,5.46626077427373,19.3232230443025,1.10355958794617e-05,0.000719826452457566
AT3G54870,0.964963074982913,2.25702450917153,24.5341780928527,7.30033326486415e-07,6.61366516589124e-05
AT3G55150,1.22452817596139,3.25532396798872,68.4540225433745,1.29870546461129e-16,3.5754879408175e-14
AT3G55560,0.350733572205722,5.06978889183088,20.1680420560308,7.09280650170519e-06,0.000496238960493889
AT3G57010,-0.492267716154774,3.94307628440337,14.1361929810017,0.000170040486083602,0.00672516467254904
AT3G57550,0.365203748252003,5.89199824417912,20.3498192974943,6.4499178865858e-06,0.00045729702099576
AT3G59140,-0.478189828953007,4.33162483442068,18.3962853346376,1.79407392854456e-05,0.00108975854473399
AT3G59690,-0.394069709626675,4.69722653187022,16.4192580272592,5.07668251950082e-05,0.00246271379246906
AT3G59700,0.532411917756962,2.95606390104006,14.6312653747036,0.000130727660336884,0.00552050930574025
AT3G59900,1.21391433380975,1.86805614346514,35.2886751143941,2.84280311357539e-09,4.15617815204721e-07
AT3G60270,1.46674175211166,0.811642354713889,13.257335069979,0.000271515360954853,0.00977224811015607
AT3G60280,1.4653497989973,1.88258297949413,21.5777218478268,3.39775708714638e-06,0.000259217493352369
AT3G60330,0.625805481106568,4.82038149020722,13.5330987703214,0.000234392711582457,0.00867171220390315
AT3G60470,2.59769786296196,0.0671921076106194,18.2570900724447,1.93006201264229e-05,0.00115590800513808
AT3G61390,-1.19561701686518,2.10322700845762,25.224024814412,5.10423886796898e-07,4.74582279658221e-05
AT3G62280,1.77732323991821,2.87942985921878,106.80605655496,4.90937807317395e-25,3.15375472040044e-22
AT3G62680,1.68554071977648,5.0419249655972,116.083132554376,4.55784606941338e-27,3.45077781519622e-24
AT4G00680,0.973336825479756,2.55421426730675,18.4868751679169,1.71078377399893e-05,0.00104817645158969
AT4G01070,-0.385905256124253,6.31896331370793,17.5269397815543,2.8326546329631e-05,0.00158775913697679
AT4G01480,0.367771118226605,5.45378875143569,15.1254365990231,0.000100598655002396,0.00444289768207457
AT4G01630,1.2250856790738,3.79657881286494,91.5707385817954,1.07673479943619e-21,5.23983628620913e-19
AT4G01700,2.13099590438962,4.93494648296697,334.484576123836,1.01405224860028e-74,7.16563120602577e-71
AT4G01750,0.737937841666029,3.78765404639402,31.0476506136342,2.51770888212612e-08,3.23472185407222e-06
AT4G02270,1.82350034579762,4.22419955985472,117.145152973733,2.6680858292097e-27,2.17541351897756e-24
AT4G02330,1.27860875799867,3.68557037014777,37.1204851918816,1.1105093711506e-09,1.71837139846872e-07
AT4G02380,0.636255854883754,6.66805347378974,16.9090757650219,3.92136431168374e-05,0.00200794690926047
AT4G03460,1.50876652233501,2.58413578338541,72.5010464548874,1.66943406633053e-17,5.20446070178542e-15
AT4G04450,1.18057061696495,1.3592759474502,18.4586258626106,1.73633132538119e-05,0.00106076333621775
AT4G04745,-1.314738768986,0.761030963479953,17.7654223303766,2.49883592599142e-05,0.00144734488511181
AT4G07960,1.31639239179623,2.87843164237399,83.345282015073,6.89030576526101e-20,2.56258933189067e-17
AT4G08400,1.60297221826196,3.49958962782853,88.1473453034013,6.07558621730919e-21,2.64222294838082e-18
AT4G08410,1.46231717977314,3.9953802769639,55.7472689760026,8.24126846542931e-14,1.87856613116813e-11
AT4G08770,0.956421371380383,3.69082941608871,68.5679767725224,1.22578552389744e-16,3.46472364281358e-14
AT4G08850,0.468181726217753,7.40212903745099,19.638886761471,9.35458051762238e-06,0.000627556178459104
AT4G08870,-0.467292170483579,6.28754745859411,22.42451103092,2.18566818553671e-06,0.000177524827069704
AT4G09200,3.57162909797536,-0.916697776833856,15.3449059773319,8.95620826620556e-05,0.00401910624692536
AT4G11460,0.757270894762883,2.69411592058694,17.3759933732033,3.06675115715616e-05,0.0016755684994988
AT4G11880,-0.492019169076301,4.29833917763263,13.3934526628504,0.000252504158035214,0.0091973121068531
AT4G11890,1.79382704769792,0.784865056114733,23.0555120985948,1.57390628439268e-06,0.000132929240330041
AT4G12490,3.88452044670119,4.11635269620764,77.0717877679466,1.64855482866824e-18,5.72913341195704e-16
AT4G12500,3.39513121352161,2.33048984929946,56.1522793096991,6.7069802437117e-14,1.57979193540494e-11
AT4G12730,-0.405237045694231,7.20984267948408,21.6860163625153,3.21123635648325e-06,0.000246648548989451
AT4G13390,2.93065693572951,4.5463018446348,129.134826872679,6.33645921728912e-30,6.10575449760509e-27
AT4G13620,-1.22769101015663,1.59503061164393,16.6401008367044,4.51855098625992e-05,0.00227526751443525
AT4G14640,1.40136327291792,0.811548867175701,15.1177653961146,0.000101008256011958,0.00445171313762474
AT4G15160,0.527010577383693,6.26385125510477,37.9436280725136,7.28185070048207e-10,1.15199964925014e-07
AT4G15233,1.04968947425573,3.56511468900983,21.8686594691916,2.91963615139806e-06,0.000227549142549587
AT4G15290,-0.913488299210444,2.41646242717301,16.3595775392192,5.23907356410155e-05,0.00251274028247486
AT4G15350,1.59204960921772,1.17849900067262,28.0166306287803,1.20277329318856e-07,1.34907889112721e-05
AT4G15360,2.77453800671309,1.24860411470303,55.4939558997956,9.37468156077285e-14,2.11419015326408e-11
AT4G15370,6.1691020718178,2.11890270164565,160.620912759511,8.27919230674345e-37,1.17007065140436e-33
AT4G15680,1.02455425650059,0.870147482622481,13.3388763585731,0.000259960069798216,0.00938823427538735
AT4G17220,-0.689550653124802,2.75673081075126,13.5983777909791,0.000226381065164423,0.00840464483436183
AT4G17340,-0.850858299504296,6.78675520204765,58.8870694925039,1.66985983344997e-14,4.2142093582507e-12
AT4G18070,-0.450916955789508,4.93577745099943,15.8107114014799,7.00050738931645e-05,0.00323319730165838
AT4G18170,1.35000553635543,2.67384977952927,50.0033027692034,1.53487410994933e-12,3.01275891266812e-10
AT4G18430,0.68411310630613,2.38198147572164,13.3967357616977,0.00025206257391782,0.00919703012819943
AT4G18930,0.34594247013545,4.17423580303022,14.383546292622,0.000149099442605885,0.00602049349295647
AT4G18940,1.59284405699546,0.716863217759821,22.1348337642643,2.54155885044284e-06,0.000204085250267188
AT4G18950,0.40305331141778,5.61414699920118,14.0937945961999,0.000173916599552033,0.00684018180687116
AT4G19030,1.10104228390948,4.16560717023376,44.2323543506595,2.91621286931015e-11,5.10915674516578e-09
AT4G19690,-1.11760319001081,6.23276384007376,25.381294569783,4.70457884945357e-07,4.40868826141478e-05
AT4G19720,-0.923448471617763,2.03111231935642,14.8982858387237,0.00011346604136394,0.00489891366776816
AT4G20000,0.906663513362324,2.12635836663822,21.2190114921886,4.09680593761702e-06,0.00030906828851083
AT4G20190,2.12260015697024,-0.0685122214099481,18.52273672532,1.67889514215559e-05,0.00103162023532047
AT4G20450,2.60453411482273,0.611193864334468,27.9955487302331,1.21594829262904e-07,1.35667830818121e-05
AT4G20830,0.841149847646879,6.61038931002272,74.2154067485162,7.00415178572063e-18,2.32001583914831e-15
AT4G21850,-0.652447484220219,4.55470591081085,20.8598192242117,4.94152469712553e-06,0.000361225455359876
AT4G22070,0.841401021191012,2.30171380346925,20.0821146090724,7.41872192965567e-06,0.000517333836140693
AT4G22080,2.15006558871826,2.06021527641475,86.602977651551,1.32647281025236e-20,5.4076725201038e-18
AT4G22110,1.29047465869828,1.35508067970306,16.5329130819892,4.78128866418548e-05,0.002362669892589
AT4G22200,-0.337873423686928,5.33799677284586,14.0524204880953,0.000177784864344625,0.00695361870708802
AT4G22460,-1.21250414841619,1.62427127159832,15.6334373156969,7.68829966797079e-05,0.00350503794970565
AT4G22470,1.9556503967249,2.84917332466201,24.5917559035645,7.08542130677077e-07,6.44651700782118e-05
AT4G23210,1.58197295374678,1.70276700991408,27.022519108844,2.01098943058753e-07,2.08047582908313e-05
AT4G23260,0.375759799382797,5.0544609796626,15.2935662788214,9.20294203863643e-05,0.00410431826736205
AT4G23600,-0.977034993308464,3.08530432021519,31.7599576198201,1.74452548351574e-08,2.34064529905381e-06
AT4G23810,1.05362588440627,2.14940974220876,20.7590264621855,5.20854933327388e-06,0.00037813711409614
AT4G24920,0.409041430645672,4.82420549149739,17.9195524595899,2.30441476930861e-05,0.00135322129347849
AT4G25110,1.49702444819876,3.36646013116849,70.8964025606918,3.7648381999212e-17,1.11864512794639e-14
AT4G25220,2.83778178520118,2.04762098838034,156.708517601291,5.9271109588061e-36,7.39110736563121e-33
AT4G25310,1.31760317943937,2.05861079601804,48.8758314133329,2.72690291545713e-12,5.25523771861597e-10
AT4G25790,1.79738616867883,1.86993395948653,55.8380530171009,7.8693503823534e-14,1.81328650821206e-11
AT4G25820,1.53877675031715,5.00266680053942,110.495596393353,7.63147442459348e-26,5.39265421089857e-23
AT4G25900,0.402692910479597,5.42369645385068,25.8366699194114,3.71561872194344e-07,3.62983416066723e-05
AT4G26010,1.12399606226153,5.5137024261651,50.0430747138007,1.50407690968478e-12,2.97989966433717e-10
AT4G26200,1.12137065472535,2.67745266202733,24.1903426382965,8.72687866109435e-07,7.80595361757549e-05
AT4G26320,-0.735696686542217,3.04428119797843,13.7458852414922,0.000209278758932454,0.00789412884450015
AT4G26850,-0.312260316515381,9.24844376369531,19.59466440613,9.57361840771945e-06,0.000638211121463033
AT4G27290,0.646442324085173,2.41844320235349,14.6747824268399,0.000127743981666644,0.00540527877714806
AT4G27400,1.2712277821172,1.66702855911719,16.924094476414,3.89046151711659e-05,0.00199694657872529
AT4G27840,-0.549266538325465,2.82066005812716,14.4183187975142,0.000146371505996752,0.00593294370100409
AT4G28420,5.21110823579945,0.945393925405319,71.9107552142923,2.25153406888926e-17,6.91743054005555e-15
AT4G28850,4.18939445256786,1.76399410666402,135.423946443349,2.66689689738684e-31,2.69216892036683e-28
AT4G29470,-3.594332725451,-0.886449456344268,14.1147556315515,0.000171989317469841,0.00677695453725496
AT4G30320,1.39420895139298,0.885206151116224,18.3535815636496,1.83473759418751e-05,0.00111127435026232
AT4G31940,-1.48934531917441,3.50631613886851,14.7176707688763,0.000124870483562597,0.00532621605843759
AT4G32870,0.811884290167968,3.78916124454203,15.4960944617669,8.26758992007461e-05,0.00373698590012072
AT4G33610,-0.818280398368928,5.0472014729306,47.0687172863519,6.8540968636437e-12,1.26347825575985e-09
AT4G33730,2.17825151870445,0.583001003587235,30.6117744742677,3.15175227271296e-08,4.00083810953545e-06
AT4G33790,-1.29510530090413,1.55742831134889,19.4787212654074,1.01726616469608e-05,0.000671807645650849
AT4G34180,0.426462320476092,6.12787205557511,31.7243679571172,1.77678803550474e-08,2.36893896633112e-06
AT4G34580,1.27883536508309,3.22437378181815,46.5740846638516,8.82192690699021e-12,1.61220714225246e-09
AT4G34970,0.679111143486179,3.09138478651527,29.7761985996793,4.84908830607067e-08,5.90780591956276e-06
AT4G36360,-0.268779063467695,6.6747637965833,14.4326645980906,0.000145260759647345,0.00592189008416166
AT4G36610,-0.489759559814555,3.7591215070486,15.8800985428196,6.74846347947074e-05,0.00313729555485308
AT4G36670,0.932524616995085,5.79912995925321,18.7428182268965,1.49585637028341e-05,0.00093818518324373
AT4G39000,-3.01408033210307,-0.25306695298236,25.8937546335198,3.60734368565033e-07,3.54037401815284e-05
AT4G39770,-0.383931960586773,4.23295115446145,14.2942972015099,0.000156337798137101,0.00627690337634166
AT4G39800,-0.3193476208182,7.45893518500127,14.0627982754035,0.00017680652714301,0.00693867335969201
AT4G39830,1.18448136736342,1.87063664028135,23.570566017998,1.20415463563205e-06,0.000103767780978715
AT4G40090,1.30974067798175,4.6895651541443,62.7352566517265,2.36444934159603e-15,6.26549519906178e-13
AT5G01540,0.825123988287332,2.74409240304991,21.1709965185788,4.20073687645783e-06,0.000315785181007197
AT5G02420,0.559587215082989,2.53860175804529,14.425347522596,0.000145826231272653,0.00592826114057844
AT5G02550,1.09590845400047,3.23284293003899,59.6437843073719,1.1367772842385e-14,2.93884654250878e-12
AT5G02760,0.568472536222776,4.05546766492347,13.7731498555459,0.000206263181743599,0.00782213450766111
AT5G02940,-0.360339148755315,5.63483565271831,20.196964025473,6.98637265669944e-06,0.000490410973342289
AT5G04960,1.73085616428264,4.19758898891235,58.1463203864866,2.43328900585095e-14,5.9980573994226e-12
AT5G05440,0.458897913615095,5.62387891641363,21.432219188856,3.66559487808121e-06,0.00027851951906969
AT5G05500,1.26109732197959,3.65173354975754,87.2783473401195,9.42743589076566e-21,3.91867085192826e-18
AT5G05880,0.589024121412949,2.55959522188589,13.9704739950152,0.000185704168246385,0.00718383697564803
AT5G06090,-0.809844994338167,2.21251750949088,13.9049682598702,0.000192289509947119,0.00737132969506144
AT5G06270,0.63954559856165,3.95093623457271,19.2746136659518,1.13201524758139e-05,0.000733871291543665
AT5G06630,2.19945201454408,4.45483413384024,124.127639107244,7.89951629873456e-29,7.28094982682061e-26
AT5G06640,1.91488111323872,5.65575840518317,150.332785599988,1.46629461582616e-34,1.63599892425783e-31
AT5G06860,1.62433489189244,6.01289980563502,96.1420336957187,1.06930274034777e-22,5.96530231385065e-20
AT5G06870,-0.733442120250617,4.51909109307065,16.3434729667851,5.28378234893986e-05,0.00252846279943964
AT5G06990,1.0643802980182,0.960534073679594,14.035055102642,0.000179434149695769,0.00697949456770755
AT5G07100,0.615771774852021,4.30412498826297,17.5359072398545,2.81932644819908e-05,0.00158775913697679
AT5G07450,1.41595522384433,0.254102875706621,14.5801379093001,0.000134322908841171,0.00563840562915961
AT5G07475,-0.537932917595197,3.28772672342241,19.6453405587043,9.3230376848289e-06,0.000627425637716469
AT5G07990,-0.810925109205531,2.13657084950893,17.7309816203358,2.54448562434524e-05,0.00146976977521784
AT5G09520,-0.694690871411246,3.67979540205706,15.6128278748449,7.77255051363026e-05,0.00353584331198386
AT5G09530,-0.61506911767231,7.25933755534775,31.4614969173466,2.03434483087178e-08,2.67863826519571e-06
AT5G09870,-0.265355754147425,6.44875726893899,13.7593900413958,0.000207779561402643,0.00786556950388326
AT5G09978,-0.93248986253687,1.79075967837544,17.0989594947516,3.54817387290135e-05,0.00185722809707742
AT5G10430,-0.683278890349975,5.69367118983412,58.2169028683476,2.34753369796378e-14,5.85474904272167e-12
AT5G10625,-0.670338671240887,3.31911990448106,14.0219260916382,0.000180691306587173,0.0070155219932994
AT5G10930,-0.481358171224451,4.29703672330717,22.8366762612352,1.7636772734894e-06,0.000147197616223235
AT5G12170,0.349314361360863,4.56646318098725,13.6458483394691,0.000220728837282438,0.00822360390430651
AT5G12420,-0.360784359500753,5.67685951073701,16.4928151841962,4.8834780560242e-05,0.00239087416419531
AT5G13330,1.15701944178247,3.81032829598143,20.2917907699708,6.6485233804986e-06,0.000469339234299047
AT5G13490,0.877459505392022,3.48403819816693,24.1956521652182,8.70285282244078e-07,7.80595361757549e-05
AT5G13580,-0.651828349998084,5.39247604161799,47.1539522688066,6.5624191962435e-12,1.22032214509795e-09
AT5G13910,0.824438846884937,1.5315474213596,14.4234100186338,0.000145976334514927,0.00592826114057844
AT5G13990,0.652767709553483,2.86050167755246,14.6770682135642,0.000127589169046574,0.00540527877714806
AT5G14760,-0.417340040623977,4.47757997440784,14.2267908058355,0.000162046968020355,0.00646936661970527
AT5G15180,-1.49662912322229,3.85351731379653,92.0163815847776,8.59619371162295e-22,4.33882644030226e-19
AT5G15580,0.334703764567276,5.27385610310917,17.0616125824419,3.61864112295529e-05,0.00188018561680219
AT5G15960,-0.832495956056597,3.0380289562221,31.3316136923672,2.17508827551011e-08,2.84627755262585e-06
AT5G15970,-0.365619163153394,6.45914787849607,20.8736880621603,4.90587419317e-06,0.000361109816045176
AT5G16590,-0.321794075855326,5.58350442649225,15.5587777322291,7.9979450165347e-05,0.00362282983772477
AT5G18860,-0.318884360577892,6.04326280923365,18.7259612951366,1.50913793384693e-05,0.000943723158100918
AT5G19790,1.19823907445277,1.42552688751898,23.7487427521212,1.09767054910964e-06,9.53668769285875e-05
AT5G19800,1.67526650352806,0.995887365507757,19.4636324978188,1.02533399100831e-05,0.000675032772527486
AT5G19890,2.22823543124031,2.60777825570904,38.8796328723154,4.50759115856496e-10,7.29438358552813e-08
AT5G20710,1.2044156889052,1.1089956965776,17.650576265127,2.6543483978321e-05,0.00152079815366602
AT5G20820,0.921000504715572,1.74199528640671,14.9613841525246,0.000109733982330478,0.00476253208900321
AT5G21120,2.7339177223712,-0.6489999445997,14.9592541518855,0.000109857926860822,0.00476253208900321
AT5G22410,2.13153625809977,2.59099351079902,88.1370428846059,6.10731281997547e-21,2.64222294838082e-18
AT5G22630,-0.451823600090904,6.09420334650926,18.5325790441145,1.67024809294385e-05,0.00102929038727665
AT5G23190,-0.716744079289283,3.71411016990641,18.8421428193366,1.41994807040155e-05,0.00090124189055217
AT5G23750,-0.504148887367958,4.21051670303322,20.3912100005295,6.31190508157222e-06,0.000449013677262582
AT5G24070,1.45444593481036,1.49803464768832,25.7926398118045,3.80135311154021e-07,3.67967509641739e-05
AT5G24100,-1.18951868793769,1.84886596428566,23.1734413258285,1.48027664479657e-06,0.000126533808842913
AT5G24110,3.28244113914056,1.69172204572477,99.6295351736517,1.8374374266599e-23,1.08199544466009e-20
AT5G24140,1.68737939644511,2.13000835308797,37.3452388943189,9.89621784066936e-10,1.55399942225444e-07
AT5G24150,-0.658559870403499,5.47096456933882,22.0807221998492,2.61421947758038e-06,0.000208341498891829
AT5G24410,-1.03657013982408,2.15210750142197,15.8124848823109,6.9939489004576e-05,0.00323319730165838
AT5G24770,-1.3410007832034,3.86209352809821,27.0216673364062,2.01187577226304e-07,2.08047582908313e-05
AT5G25250,0.759056376345793,3.28454862907004,25.6898519699171,4.00929799243057e-07,3.81135014087603e-05
AT5G25980,-0.347752295300172,9.29528028010086,14.4907164681767,0.000140851982748004,0.00580918517952321
AT5G26300,1.68073407922341,0.463611505234422,19.3583479341398,1.08344570219039e-05,0.000711082521384958
AT5G26320,1.5885818445749,0.558483579260956,13.9154047200171,0.000191224781733294,0.00735712186563356
AT5G33355,-2.953151453206,0.446414449894573,57.1266344757976,4.08633947957366e-14,9.84389893494113e-12
AT5G35190,1.6610494733482,4.6936780615219,53.3365590518961,2.81027491302751e-13,5.95750178812702e-11
AT5G37540,-0.53994066107955,4.24282305539576,17.5296925754472,2.82855647962091e-05,0.00158775913697679
AT5G37690,-0.403220268370956,5.02742787396117,15.7485881594765,7.23419084531911e-05,0.00332628297031845
AT5G38550,-0.860223853478953,1.59802428038592,14.4804099477056,0.000141624761038094,0.00581841726598169
AT5G38900,0.964373387485255,2.3602111128668,20.8161532882794,5.05547703930793e-06,0.000368285421842917
AT5G38940,2.01346277309795,5.27220532848734,177.901077671161,1.39224212779008e-40,2.45951173891849e-37
AT5G39520,1.82904035894267,1.71917259679045,22.062719586861,2.63885239360555e-06,0.000209516973378442
AT5G39580,3.0212358080374,4.75604369916946,107.884127222925,2.84960347508772e-25,1.88777325213702e-22
AT5G40380,-0.588750249339723,4.6264301902169,22.0066850718812,2.71702468718612e-06,0.000214918680386786
AT5G40590,3.12566605588824,5.19009164367096,265.639052456728,1.01248121428157e-59,3.066227037365e-56
AT5G40730,0.589057452176736,5.00626141308906,17.2146049117045,3.33859822211022e-05,0.0017649611897884
AT5G40780,0.679044137571418,5.84024636863805,83.9677978918404,5.02899870928992e-20,1.93835897524067e-17
AT5G40860,1.83462212793576,1.25719065633993,26.267260242582,2.97285917171613e-07,2.98680765787726e-05
AT5G41040,-0.430421709191972,5.2024924827311,16.1631034692662,5.81151357983989e-05,0.00275611356552631
AT5G41790,-0.292602718425554,7.24916268204685,14.1869471337127,0.000165514704890966,0.00658301356282098
AT5G42650,-0.447703103455029,5.72030829385475,14.059939990977,0.000177075441652596,0.00693867335969201
AT5G42830,0.897360155588612,4.42662384878107,16.3799305332624,5.1831142356235e-05,0.0025028892638037
AT5G43590,2.9855761000223,-0.223492174229145,15.8415659777224,6.88728176615067e-05,0.00319482464246451
AT5G44572,0.930936026120261,3.6758915865533,24.4400008277669,7.66603518627111e-07,6.91541616654303e-05
AT5G44585,1.44310401513682,3.09229916467014,35.5504137813579,2.48534247633181e-09,3.65880383026097e-07
AT5G45070,-0.871165490657377,3.28107627349705,17.8936541604822,2.33598724225789e-05,0.00136420367902548
AT5G45080,-0.894697937797791,2.3992416700977,16.3618644628796,5.23275562965244e-05,0.00251274028247486
AT5G45280,0.911911608406662,6.13228034995712,99.4536630657632,2.00807076689958e-23,1.15051600506768e-20
AT5G45340,-0.603682864158184,3.23368193300898,13.7282120758946,0.000211257172676786,0.00795460178254919
AT5G46050,1.29573556933968,2.94759391503101,41.6775612675908,1.07637268197925e-10,1.81095432422841e-08
AT5G46890,-1.29912768445482,3.24514717459054,16.4954918661072,4.87658864778048e-05,0.00239087416419531
AT5G46900,-1.72182384269341,2.95710197644594,19.9837968723476,7.81011828457375e-06,0.000537554212709996
AT5G47450,-2.71022734647238,3.53787491894111,70.7130628441553,4.13147796325381e-17,1.1997698814112e-14
AT5G48175,1.66173041704283,0.758667800401361,18.9568788354019,1.33706338885942e-05,0.000856326488834772
AT5G48430,0.947179018267379,5.45771031212163,74.0478730039547,7.62453487826692e-18,2.48665407514431e-15
AT5G48540,0.63380193511032,4.46399905309739,29.5402860483791,5.4766443218886e-08,6.59655585112025e-06
AT5G49740,-0.386110605836124,7.05841963657412,17.2494014986297,3.27800792995146e-05,0.00173983330539981
AT5G49780,0.766933483309183,2.77074567163605,14.0371818214759,0.000179231338345503,0.00697949456770755
AT5G50950,-0.46218608217923,5.79916582138267,16.5921029946087,4.63435891874461e-05,0.00231707015845441
AT5G51060,0.42999408437941,4.5718965782979,13.6832027560943,0.000216381252481752,0.00810372821568341
AT5G51500,-0.689376915734764,1.96223290251475,14.2707585146692,0.000158305145888202,0.00634387672530054
AT5G52170,1.30318868564273,1.25366692216909,17.3708246566684,3.07510262015338e-05,0.00167562825172373
AT5G52250,0.559682236699887,3.6196527128004,16.6313678022156,4.53940313599018e-05,0.00228035087866957
AT5G52260,-2.46998881308975,-0.495042423854622,13.8575066375654,0.000197207390288632,0.00751906378908041
AT5G53250,-0.847342021155365,3.44979784678617,32.6369843694478,1.1108078401749e-08,1.54921153972814e-06
AT5G53380,-1.81496434289764,0.500111055652745,20.9714807983595,4.66171380236398e-06,0.000345537310826273
AT5G53550,0.422883744952009,5.69324641647764,24.0256075271962,9.5062944091296e-07,8.3968306324641e-05
AT5G54490,0.871282281014233,1.83201450274147,17.8974868879138,2.33128752710382e-05,0.00136420367902548
AT5G54510,0.507286631011423,6.32320329827905,25.0479413746874,5.59224282684593e-07,5.17685396010074e-05
AT5G54650,0.469110523715142,4.01148227281631,21.8853945133631,2.89428439127878e-06,0.000226405663508188
AT5G54700,-0.715232628223487,2.78318826378365,13.5005022706959,0.000238499607881051,0.00880828081440838
AT5G55090,0.76038250285396,2.11775141920061,16.0395235290453,6.20339083657386e-05,0.00291586878812703
AT5G55180,-0.436194889382082,5.53506478623764,14.4352968431592,0.000145057877294482,0.00592189008416166
AT5G55930,0.845114774741236,4.9433508971985,68.4586933528375,1.29563300508989e-16,3.5754879408175e-14
AT5G57530,2.01531859259012,2.48938542576421,69.5416578142703,7.48175273188092e-17,2.14331994815059e-14
AT5G57540,1.98853571391337,1.48133313671224,41.0883510912641,1.45500943057651e-10,2.40974569678058e-08
AT5G57550,-0.590650339254758,3.61787143892196,13.3528943982084,0.000258024082501382,0.0093501752563193
AT5G57625,1.51607292360432,4.30206855894812,93.637944323469,3.78854638392873e-22,1.95886328763183e-19
AT5G58670,-0.599559808457999,3.25793019554233,17.5402102526981,2.81295334466766e-05,0.00158775913697679
AT5G58750,1.34236792171629,2.12619008345894,52.4551040902141,4.40197434548278e-13,9.05994700484364e-11
AT5G59680,-1.06721547355255,3.49973564388591,35.8199058791872,2.16425308017365e-09,3.20839168158051e-07
AT5G60270,0.539480503338493,3.60114334786264,16.8247137903664,4.09959230742163e-05,0.00208410689028851
AT5G60530,0.856721428578699,4.82988776577402,49.522263665994,1.96133249625046e-12,3.81452179706545e-10
AT5G60890,-0.36330183447769,4.89626541772646,14.8521624412727,0.000116274685811691,0.00498969041401223
AT5G60950,1.25007287642005,4.23812183466372,78.3147686307002,8.78625051317981e-19,3.10432874381498e-16
AT5G61430,-0.968709414169247,1.76332269023905,18.2793555084891,1.90763344943389e-05,0.00114886140609515
AT5G61810,-0.632917575252107,2.99824950304287,20.8614155499043,4.93740806088311e-06,0.000361225455359876
AT5G62165,-0.707473510206137,2.41675018674288,14.8844332538695,0.000114302331678523,0.00492499010010776
AT5G62340,-0.977313573734584,3.28306208880368,38.5957617349646,5.21320053659757e-10,8.37232107388879e-08
AT5G62420,-1.27674438918194,1.19466158544509,14.5696598581775,0.000135071921738194,0.00563840562915961
AT5G64100,0.736528819636761,8.01203399450362,57.4918899707355,3.39375745126064e-14,8.26945565623841e-12
AT5G64120,2.61979940973212,7.42279176954458,179.290273605068,6.92443013498111e-41,1.46790994431464e-37
AT5G65390,-0.521220099708953,4.81497716658012,27.0846488185249,1.94738246231776e-07,2.05209240826746e-05
AT5G65690,0.781731283145859,5.52319381153579,36.0733736480095,1.90025701340857e-09,2.8368696075527e-07
AT5G65730,-0.346242882187242,8.27355578906219,14.9780968895238,0.000108766341677368,0.00474431620826856
AT5G66310,0.351450203072171,4.70601589325448,14.4862260555744,0.000141188148585809,0.00581174283858361
AT5G66390,-0.601681396625027,4.52127843722143,13.7488391241943,0.000208949913433699,0.00789412884450015
AT5G66985,-0.851593414288902,2.25787765154695,19.312263384547,1.10991194508258e-05,0.000721749181711828
AT5G67080,-2.7649133164039,-0.593003528437975,13.876642747381,0.000195209478981183,0.00745801807350193
AT5G67370,-0.290546610186829,6.4809871539791,17.5229346532766,2.83862782637956e-05,0.00158775913697679
AT5G67400,1.68055895595228,5.00339618565965,100.31756372531,1.29820453875011e-23,7.86303943341818e-21
AT5G67430,-1.17807755172193,1.76553948208704,18.7734454627205,1.47202487826991e-05,0.000925977904879637
